year	filiere	banque	ecole	inscrits_nb	inscrits_filles	inscrits_cinq_demi	admissibles_nb	admissibles_filles	admissibles_cinq_demi	classes_nb	classes_filles	classes_cinq_demi	integres_nb	integres_filles	integres_cinq_demi	integres_rg_median	integres_rg_moyen	nb_integres_interfilieres	places
2022	MP	Banque ECOLE POLYTECHNIQUE - interENS	ECOLE POLYTECHNIQUE Info.	823	10,9%	23,3%	199	9,0%	14,6%	165	9,7%	11,5%	105	8,6%	9,5%	77	75		105
2022	MP	Banque ECOLE POLYTECHNIQUE - interENS	ECOLE POLYTECHNIQUE P&SI	808	16,3%	28,0%	156	14,1%	16,7%	120	15,0%	15,8%	82	15,9%	17,1%	46	45		82
2022	MP	Banque ECOLE POLYTECHNIQUE - interENS	ENS Ulm MPI	1879	17,0%	25,3%	154	9,1%	22,1%	88	10,2%	19,3%	35	8,6%	17,1%	28	31		35
2022	MP	Banque ECOLE POLYTECHNIQUE - interENS	ENS Ulm Info.	290	11,4%	25,5%	51	3,9%	19,6%	31	3,2%	12,9%	15	6,7%	13,3%	8	9		15
2022	MP	Banque ECOLE POLYTECHNIQUE - interENS	ENS Paris-Saclay MP	1912	16,6%	24,9%	283	8,8%	20,5%	192	10,4%	18,8%	18	11,1%	44,4%	149	136		18
2022	MP	Banque ECOLE POLYTECHNIQUE - interENS	ENS Paris-Saclay Info.	297	9,4%	23,9%	105	5,7%	26,7%	72	6,9%	20,8%	14	14,3%	21,4%	32	34		14
2022	MP	Banque ECOLE POLYTECHNIQUE - interENS	ENS de Lyon MPI	1952	17,0%	25,8%	262	7,3%	21,4%	162	8,0%	22,2%	21	4,8%	42,9%	87	78		21
2022	MP	Banque ECOLE POLYTECHNIQUE - interENS	ENS de Lyon Info.	265	8,7%	24,2%	104	2,9%	24,0%	71	2,8%	16,9%	23	0,0%	30,4%	46	44		23
2022	MP	Banque ECOLE POLYTECHNIQUE - interENS	ENS Rennes MP	1870	16,7%	25,1%	312	9,0%	21,5%	238	9,7%	21,4%	10	10,0%	50,0%	157	156		10
2022	MP	Banque ECOLE POLYTECHNIQUE - interENS	ENS Rennes Info.	287	9,8%	21,3%	100	6,0%	17,0%	80	3,8%	18,8%	7	0,0%	28,6%	62	56		7
2022	MP	Banque CENTRALE-SUPELEC	CentraleSupÃ©lec - statut Ã©tudiant	3777	18,3%	23,1%	986	14,1%	16,0%	958	14,3%	16,1%	300	15,0%	15,0%	395	388		290
2022	MP	Banque CENTRALE-SUPELEC	CentraleSupÃ©lec - statut Ã©tudiant - Ã©tr.	199	28,1%	26,6%	59	15,3%	20,3%	58	15,5%	20,7%	8	37,5%	37,5%	41	39		8
2022	MP	Banque CENTRALE-SUPELEC	CENTRALE LYON	3932	19,6%	22,9%	1104	15,2%	17,3%	1076	15,4%	17,3%	124	19,4%	32,3%	805	776		127
2022	MP	Banque CENTRALE-SUPELEC	Institut d'optique Graduate School (SupOptique)	1599	21,8%	26,0%	797	20,8%	22,6%	712	21,8%	21,6%	30	40,0%	30,0%	566	548		32
2022	MP	Banque CENTRALE-SUPELEC	Institut d'optique Graduate School (SupOptique) - Ã©tr.	73	38,4%	28,8%	27	22,2%	25,9%	26	23,1%	23,1%	0	0,0%	0,0%	0	0		2
2022	MP	Banque CENTRALE-SUPELEC	CENTRALE LILLE	3636	20,5%	23,8%	1094	16,9%	20,7%	1072	17,1%	20,6%	91	20,9%	30,8%	938	889		90
2022	MP	Banque CENTRALE-SUPELEC	CENTRALE NANTES	3735	20,0%	22,9%	1272	16,4%	19,4%	1241	16,6%	19,3%	105	20,0%	17,1%	900	869		110
2022	MP	Banque CENTRALE-SUPELEC	CENTRALE MARSEILLE	3352	21,0%	22,6%	1417	17,4%	20,2%	1302	18,4%	19,5%	72	15,3%	19,4%	1017	980		80
2022	MP	Banque CENTRALE-SUPELEC	CENTRALE CASABLANCA	715	18,5%	29,7%	150	10,7%	34,7%	133	12,0%	32,3%	0	0,0%	0,0%	0	0		8
2022	MP	Banque CENTRALE-SUPELEC	CentraleSupÃ©lec - statut Ã©tudiant - CI										25	36,0%	0,0%	30	29		24
2022	MP	Banque CENTRALE-SUPELEC	CENTRALE LYON - CI										6	16,7%	0,0%	54	54		8
2022	MP	Banque CENTRALE-SUPELEC	CENTRALE LILLE - CI										6	0,0%	16,7%	68	68		6
2022	MP	Banque CENTRALE-SUPELEC	CENTRALE NANTES - CI										1	0,0%	0,0%	45	45		2
2022	MP	Banque CENTRALE-SUPELEC	Institut d'optique Graduate School (SupOptique) - CI										2	0,0%	0,0%	106	106		3
2022	MP	Banque CENTRALE-SUPELEC	CENTRALE MARSEILLE - CI										2	50,0%	50,0%	77	77		2
2022	MP	Banque CENTRALE-SUPELEC	Concours Cycle International Centrale-Supelec MP	730	34,4%	9,3%	272	27,2%	8,8%	259	28,2%	8,5%	42						45
2022	MP	Banque CENTRALE-SUPELEC	CENTRALE CASABLANCA - CI	730	34,4%	9,3%	272	27,2%	8,8%	132	34,1%	9,1%	1	0,0%	0,0%	88	88		30
2022	MP	Banque CENTRALE-SUPELEC	Arts et MÃ©tiers										37	21,6%	62,2%	587	562		40
2022	MP	Banque CENTRALE-SUPELEC	Arts et MÃ©tiers - voie de l'apprentissage										1	100,0%	0,0%	534	534		2
2022	MP	Banque CENTRALE-SUPELEC	Concours ARTS ET MÃTIERS MP	2389	20,8%	26,8%	901	17,0%	30,2%	712	16,7%	29,9%	38						42
2022	MP	Banque CENTRALE-SUPELEC	ENSEA Cergy	1842	22,5%	24,8%	1320	21,4%	23,9%	881	21,2%	24,9%	42	28,6%	42,9%	790	781		60
2022	MP	Banque CENTRALE-SUPELEC	EPF campus TROYES										1	100,0%	0,0%	379	379		2
2022	MP	Banque CENTRALE-SUPELEC	EPF campus MONTPELLIER										9	11,1%	22,2%	387	387		8
2022	MP	Banque CENTRALE-SUPELEC	EPF campus Paris - Cachan										6	33,3%	50,0%	332	318		8
2022	MP	Banque CENTRALE-SUPELEC	Concours EPF Paris - Cachan - Troyes - Montpellier MP	815	28,2%	20,1%	634	30,1%	18,8%	438	32,2%	20,5%	16						18
2022	MP	Banque CENTRALE-SUPELEC	ESTP Paris - Travaux Publics (TP) - campus de Cachan										32	15,6%	21,9%	479	456		64
2022	MP	Banque CENTRALE-SUPELEC	ESTP Paris - BÃ¢timent (B) - campus de Cachan										63	50,8%	22,2%	436	422		62
2022	MP	Banque CENTRALE-SUPELEC	ESTP Paris - GÃ©nie MÃ©canique et Electrique(GME)										10	20,0%	10,0%	469	448		16
2022	MP	Banque CENTRALE-SUPELEC	ESTP Paris - Topographie (T)										0	0,0%	0,0%	0	0		8
2022	MP	Banque CENTRALE-SUPELEC	ESTP Paris - BÃ¢timent (B) - campus de Troyes										2	50,0%	0,0%	380	380		12
2022	MP	Banque CENTRALE-SUPELEC	ESTP Paris - Travaux Publics (TP) - campus de Dijon										2	50,0%	0,0%	434	434		9
2022	MP	Banque CENTRALE-SUPELEC	Concours ESTP MP	1093	27,8%	22,8%	896	27,2%	20,9%	564	31,0%	20,0%	109						171
2022	MP	Banque CENTRALE-SUPELEC	ECOLE NAVALE Brest	763	19,0%	27,0%	219	12,3%	37,0%	108	10,2%	49,1%	31	12,9%	54,8%	48	48		31
2022	MP	CONCOURS COMMUN MINES-PONTS	Chimie ParisTech										0	0,0%	0,0%	0	0		2
2022	MP	CONCOURS COMMUN MINES-PONTS	ENSAE Paris										57	22,8%	26,3%	1038	1005		55
2022	MP	CONCOURS COMMUN MINES-PONTS	ENSTA Paris										67	14,9%	19,4%	892	845		63
2022	MP	CONCOURS COMMUN MINES-PONTS	ENSTA Paris - apprentissage										1	100,0%	100,0%	800	800		2
2022	MP	CONCOURS COMMUN MINES-PONTS	IMT Atlantique										94	17,0%	16,0%	1374	1309		90
2022	MP	CONCOURS COMMUN MINES-PONTS	ISAE - SUPAERO Toulouse										66	12,1%	16,7%	789	705		75
2022	MP	CONCOURS COMMUN MINES-PONTS	MINES de NANCY										52	17,3%	25,0%	1207	1175		53
2022	MP	CONCOURS COMMUN MINES-PONTS	MINES SAINT-ETIENNE										42	9,5%	33,3%	1583	1534		50
2022	MP	CONCOURS COMMUN MINES-PONTS	MINES Paris										54	11,1%	14,8%	189	172		55
2022	MP	CONCOURS COMMUN MINES-PONTS	PONTS ParisTech										84	16,7%	16,7%	541	536		84
2022	MP	CONCOURS COMMUN MINES-PONTS	TELECOM Paris										82	19,5%	13,4%	636	631		85
2022	MP	CONCOURS COMMUN MINES-PONTS	Concours CCMP MP	5808	21,3%	19,8%	1753	14,3%	18,7%	1685	14,4%	18,3%	599						614
2022	MP	Concours Mines - TÃ©lÃ©com	EURECOM (Oral SÃ©rie 1)	5644	22,4%	20,6%	3041	19,6%	22,1%	2876	19,9%	22,5%	17	47,1%	17,6%	2243	2236		21
2022	MP	Concours Mines - TÃ©lÃ©com	ECOLE METEOROLOGIE (fonctionnaire) (Oral SÃ©rie 1)	5644	22,4%	20,6%	2780	18,6%	23,1%	2629	18,8%	23,4%	5	40,0%	0,0%	1275	1461		5
2022	MP	Concours Mines - TÃ©lÃ©com	ECOLE METEOROLOGIE (non fonctionnaire) (Oral SÃ©rie 1)	5644	22,4%	20,6%	3041	19,6%	22,1%	2876	19,9%	22,5%	4	0,0%	0,0%	2422	2477		6
2022	MP	Concours Mines - TÃ©lÃ©com	EIVP Paris Civil (Oral SÃ©rie 2)	5644	22,4%	20,6%	3952	20,8%	21,3%	3498	21,1%	21,8%	20	60,0%	15,0%	2748	2570		20
2022	MP	Concours Mines - TÃ©lÃ©com	EIVP Paris Fonctionnaire (Oral SÃ©rie 2)	5644	22,4%	20,6%	3571	19,7%	22,3%	3169	20,0%	22,8%	4	25,0%	0,0%	1611	1740		4
2022	MP	Concours Mines - TÃ©lÃ©com	ENSG Nancy (Oral SÃ©rie 2)	5644	22,4%	20,6%	3952	20,8%	21,3%	3498	21,1%	21,8%	3	33,3%	0,0%	2831	2930		5
2022	MP	Concours Mines - TÃ©lÃ©com	ENSG-GÃ©omatique Marne la VallÃ©e (Oral SÃ©rie 2)	5644	22,4%	20,6%	3952	20,8%	21,3%	3498	21,1%	21,8%	5	20,0%	20,0%	3031	2844		7
2022	MP	Concours Mines - TÃ©lÃ©com	ENSG-GÃ©omatique Marne la VallÃ©e Fonctionnaire (Oral SÃ©rie 2)	5644	22,4%	20,6%	3571	19,7%	22,3%	3169	20,0%	22,8%	12	33,3%	33,3%	2854	2824		14
2022	MP	Concours Mines - TÃ©lÃ©com	ENSIIE Evry (Oral SÃ©rie 1)	5644	22,4%	20,6%	3041	19,6%	22,1%	2876	19,9%	22,5%	73	16,4%	35,6%	2278	2199		74
2022	MP	Concours Mines - TÃ©lÃ©com	ENSSAT Lannion (Oral SÃ©rie 2)	5644	22,4%	20,6%	3952	20,8%	21,3%	3498	21,1%	21,8%	28	21,4%	35,7%	2994	2938		28
2022	MP	Concours Mines - TÃ©lÃ©com	ENSTA Bretagne (filiÃ¨re sous statut Ã©tudiant) (Oral SÃ©rie 1)	5644	22,4%	20,6%	3041	19,6%	22,1%	2876	19,9%	22,5%	41	24,4%	34,1%	1208	1198		43
2022	MP	Concours Mines - TÃ©lÃ©com	ENSTA Bretagne (filiÃ¨re sous statut IETA - Direction GÃ©nÃ©rale de l'Armement) (Oral SÃ©rie 1)	5644	22,4%	20,6%	2535	18,0%	25,0%	2398	18,1%	25,4%	16	6,2%	50,0%	1079	1029		16
2022	MP	Concours Mines - TÃ©lÃ©com	ENTPE Lyon Civil (Oral SÃ©rie 1)	5644	22,4%	20,6%	3041	19,6%	22,1%	2876	19,9%	22,5%	22	63,6%	18,2%	2506	2332		25
2022	MP	Concours Mines - TÃ©lÃ©com	ENTPE Lyon Fonctionnaire (Oral SÃ©rie 1)	5644	22,4%	20,6%	2780	18,6%	23,1%	2629	18,8%	23,4%	29	34,5%	17,2%	2232	2113		29
2022	MP	Concours Mines - TÃ©lÃ©com	IMT Nord Europe (Oral SÃ©rie 1)	5644	22,4%	20,6%	3041	19,6%	22,1%	2876	19,9%	22,5%	71	23,9%	22,5%	2155	2075		60
2022	MP	Concours Mines - TÃ©lÃ©com	IMT Nord Europe Fonct. (Oral SÃ©rie 1)	5644	22,4%	20,6%	2780	18,6%	23,1%	2629	18,8%	23,4%	4	25,0%	0,0%	1732	1684		4
2022	MP	Concours Mines - TÃ©lÃ©com	IMT Mines Albi (Oral SÃ©rie 1)	5644	22,4%	20,6%	3041	19,6%	22,1%	2876	19,9%	22,5%	50	18,0%	28,0%	2269	2176		53
2022	MP	Concours Mines - TÃ©lÃ©com	IMT Mines AlÃ¨s (Oral SÃ©rie 1)	5644	22,4%	20,6%	3041	19,6%	22,1%	2876	19,9%	22,5%	64	34,4%	21,9%	1609	1504		62
2022	MP	Concours Mines - TÃ©lÃ©com	Institut Mines-TÃ©lÃ©com Business School (IMT-BS) (Oral SÃ©rie 1)	5644	22,4%	20,6%	3041	19,6%	22,1%	2876	19,9%	22,5%	4	75,0%	25,0%	2596	2379		15
2022	MP	Concours Mines - TÃ©lÃ©com	Mines Saint Etienne-ISMIN (Oral SÃ©rie 1)	5644	22,4%	20,6%	3041	19,6%	22,1%	2876	19,9%	22,5%	34	26,5%	11,8%	1762	1715		38
2022	MP	Concours Mines - TÃ©lÃ©com	TELECOM Nancy (Oral SÃ©rie 2)	5644	22,4%	20,6%	3952	20,8%	21,3%	3498	21,1%	21,8%	65	15,4%	16,9%	2194	2102		65
2022	MP	Concours Mines - TÃ©lÃ©com	TÃ©lÃ©com Physique Strasbourg Informatique et RÃ©seaux (Oral SÃ©rie 1)	5644	22,4%	20,6%	3041	19,6%	22,1%	2876	19,9%	22,5%	25	12,0%	36,0%	2580	2481		20
2022	MP	Concours Mines - TÃ©lÃ©com	TÃ©lÃ©com Physique Strasbourg TI-SantÃ© (Oral SÃ©rie 1)	5644	22,4%	20,6%	3041	19,6%	22,1%	2876	19,9%	22,5%	6	50,0%	33,3%	2179	2162		8
2022	MP	Concours Mines - TÃ©lÃ©com	TELECOM St Etienne - Statut apprenti (Oral SÃ©rie 2)	5644	22,4%	20,6%	3952	20,8%	21,3%	3498	21,1%	21,8%	2	0,0%	0,0%	2812	2812		2
2022	MP	Concours Mines - TÃ©lÃ©com	TELECOM St Etienne - Statut Ã©tudiant (Oral SÃ©rie 2)	5644	22,4%	20,6%	3952	20,8%	21,3%	3498	21,1%	21,8%	35	40,0%	22,9%	2657	2577		33
2022	MP	Concours Mines - TÃ©lÃ©com	TELECOM SudParis (Oral SÃ©rie 1)	5644	22,4%	20,6%	3041	19,6%	22,1%	2876	19,9%	22,5%	96	24,0%	28,1%	1060	1051		96
2022	MP	CONCOURS COMMUN INP	Bordeaux INP - ENSC Cognitique										9	33,3%	33,3%	2933	2625		8
2022	MP	CONCOURS COMMUN INP	Bordeaux INP - ENSEIRB-MATMECA Electronique										28	17,9%	17,9%	2354	2260		36
2022	MP	CONCOURS COMMUN INP	Bordeaux INP - ENSEIRB-MATMECA Informatique										49	16,3%	28,6%	1711	1656		54
2022	MP	CONCOURS COMMUN INP	Bordeaux INP - ENSEIRB-MATMECA MathÃ©matiques et MÃ©canique										34	17,6%	17,6%	2031	2000		42
2022	MP	CONCOURS COMMUN INP	Bordeaux INP - ENSEIRB-MATMECA TÃ©lecom.										17	11,8%	17,6%	2028	2030		25
2022	MP	CONCOURS COMMUN INP	Bordeaux INP - ENSPIMA										4	25,0%	0,0%	2712	2701		5
2022	MP	CONCOURS COMMUN INP	CPE LYON Sciences du numÃ©rique										16	37,5%	12,5%	3793	3610		15
2022	MP	CONCOURS COMMUN INP	CY TECH Cergy - GÃ©nie Civil										13	30,8%	23,1%	3817	3622		15
2022	MP	CONCOURS COMMUN INP	CY TECH Cergy-Pau - Informatique										50	22,0%	8,0%	3485	3326		36
2022	MP	CONCOURS COMMUN INP	CY TECH Cergy-Pau - MathÃ©matiques										44	20,5%	34,1%	3357	3278		40
2022	MP	CONCOURS COMMUN INP	ENAC Toulouse Civil										39	15,4%	33,3%	1845	1848		37
2022	MP	CONCOURS COMMUN INP	ENAC Toulouse Fonctionnaire										5	40,0%	40,0%	342	359		5
2022	MP	CONCOURS COMMUN INP	ENGEES Strasbourg Civil (apprenti)										0	0,0%	0,0%	0	0		1
2022	MP	CONCOURS COMMUN INP	ENGEES Strasbourg Civil (Ã©tudiant)										11	45,5%	36,4%	3575	3540		9
2022	MP	CONCOURS COMMUN INP	ENGEES Strasbourg Fonctionnaire										3	33,3%	0,0%	2813	2549		3
2022	MP	CONCOURS COMMUN INP	ENSC Lille										1	0,0%	0,0%	982	982		2
2022	MP	CONCOURS COMMUN INP	ENSGTI Pau - EnergÃ©tique										19	10,5%	31,6%	4136	4011		12
2022	MP	CONCOURS COMMUN INP	ENSI Poitiers - GÃ©nie de l'Eau et GÃ©nie Civil										7	57,1%	28,6%	3030	2795		6
2022	MP	CONCOURS COMMUN INP	ENSI Poitiers Energie										15	33,3%	13,3%	3700	3584		17
2022	MP	CONCOURS COMMUN INP	ENSICAEN GÃ©nie Physique et systÃ¨mes EmbarquÃ©s										23	26,1%	17,4%	3440	3300		22
2022	MP	CONCOURS COMMUN INP	ENSICAEN Informatique										27	11,1%	25,9%	2526	2444		30
2022	MP	CONCOURS COMMUN INP	ENSMM BesanÃ§on										28	17,9%	25,0%	3581	3455		40
2022	MP	CONCOURS COMMUN INP	Grenoble INP - ENSE3										55	29,1%	12,7%	1992	1934		70
2022	MP	CONCOURS COMMUN INP	Grenoble INP - Pagora										10	60,0%	60,0%	3870	3711		10
2022	MP	CONCOURS COMMUN INP	Grenoble INP - Phelma (Physique Electronique TÃ©lÃ©coms)										48	18,8%	27,1%	1598	1565		56
2022	MP	CONCOURS COMMUN INP	Grenoble INP - Phelma (Physique MatÃ©riaux ProcÃ©dÃ©s)										32	25,0%	34,4%	1033	985		35
2022	MP	CONCOURS COMMUN INP	Grenoble INP - ENSIMAG										123	14,6%	22,8%	684	653		125
2022	MP	CONCOURS COMMUN INP	Grenoble INP - Esisar										12	16,7%	16,7%	2295	2289		11
2022	MP	CONCOURS COMMUN INP	ISAE-ENSMA Poitiers										58	15,5%	27,6%	1892	1848		55
2022	MP	CONCOURS COMMUN INP	ISAE-SupmÃ©ca Paris										42	16,7%	19,0%	2715	2604		45
2022	MP	CONCOURS COMMUN INP	ISIMA Clermont-Ferrand										54	22,2%	20,4%	3284	3214		47
2022	MP	CONCOURS COMMUN INP	Lorraine INP - ENSEM - Energie										34	20,6%	29,4%	3669	3576		32
2022	MP	CONCOURS COMMUN INP	Lorraine INP - ENSEM - SpÃ©cialitÃ© des systÃ¨mes numÃ©riques										19	21,1%	26,3%	3245	3174		20
2022	MP	CONCOURS COMMUN INP	Lorraine INP - ENSIC										4	75,0%	25,0%	3292	3158		9
2022	MP	CONCOURS COMMUN INP	SeaTech Toulon										21	23,8%	38,1%	3371	3206		22
2022	MP	CONCOURS COMMUN INP	SIGMA Clermont-Ferrand - spÃ©cialitÃ© mÃ©canique avancÃ©e										20	20,0%	15,0%	3589	3530		16
2022	MP	CONCOURS COMMUN INP	TELECOM PHYSIQUE Strasbourg										26	34,6%	26,9%	2528	2534		31
2022	MP	CONCOURS COMMUN INP	Toulouse INP - ENSEEIHT - Electronique-Energie-Automatique (EEA)										30	13,3%	20,0%	1190	1109		31
2022	MP	CONCOURS COMMUN INP	Toulouse INP - ENSEEIHT - MÃ©canique des Fluides-Energetique-Environnement (MFEE)										17	11,8%	29,4%	683	648		18
2022	MP	CONCOURS COMMUN INP	Toulouse INP - ENSEEIHT - Sciences du NumÃ©rique										91	24,2%	22,0%	1146	1102		91
2022	MP	CONCOURS COMMUN INP	Toulouse INP - ENSIACET - GÃ©nie des ProcÃ©dÃ©s										12	50,0%	16,7%	3050	2929		11
2022	MP	CONCOURS COMMUN INP	Toulouse INP - ENSIACET - GÃ©nie Industriel										17	29,4%	47,1%	2689	2642		17
2022	MP	CONCOURS COMMUN INP	Concours CCINP MP	7872	25,6%	19,6%	5164	21,8%	20,4%	4411	22,1%	21,5%	1167						1212
2022	MP	Banque Ã©preuves CCINP Inter-FiliÃ¨re	ENSIL - ENSCI Limoges CÃ©ramique Industrielle										2	50,0%	0,0%	1889*	1760*	8*	45*
2022	MP	Banque Ã©preuves CCINP Inter-FiliÃ¨re	ENSIL - ENSCI Limoges GÃ©nie civil										4	50,0%	25,0%	1569*	1321*	8*	6*
2022	MP	Banque Ã©preuves CCINP Inter-FiliÃ¨re	ENSIL - ENSCI Limoges Eau										3	66,7%	66,7%	1342*	1395*	16*	28*
2022	MP	Banque Ã©preuves CCINP Inter-FiliÃ¨re	ENSIL - ENSCI Limoges ELT										11	27,3%	9,1%	1762*	1673*	15*	28*
2022	MP	Banque Ã©preuves CCINP Inter-FiliÃ¨re	ENSIL - ENSCI Limoges MatÃ©riaux										2	50,0%	100,0%	1468*	1449*	12*	22*
2022	MP	Banque Ã©preuves CCINP Inter-FiliÃ¨re	ENSIL - ENSCI Limoges MÃ©catronique										5	40,0%	20,0%	1330	1296	17*	22*
2022	MP	Banque Ã©preuves CCINP Inter-FiliÃ¨re	Concours ENSIL-ENSCI Inter Fil.	959	34,1%	17,8%	600	32,0%	16,5%	600	32,0%	16,5%	27					76	151
2022	MP	Banque Ã©preuves CCINP Inter-FiliÃ¨re	Grenoble INP - GÃ©nie industriel	1425	30,1%	19,5%	645	24,5%	19,8%	121	40,5%	18,2%	31	38,7%	22,6%	141	149	77*	76*
2022	MP	Banque Ã©preuves CCINP Inter-FiliÃ¨re	Lorraine INP - EEIGM	441	36,3%	21,1%	221	36,7%	19,9%	16	43,8%	31,2%	2	0,0%	50,0%	23	24	10*	10*
2022	MP	Banque Ã©preuves CCINP Inter-FiliÃ¨re	Lorraine INP - ENSGSI	733	34,4%	18,3%	418	34,0%	17,0%	81	48,1%	19,8%	8	37,5%	25,0%	133	126	35*	40*
2022	MP	Banque Ã©preuves CCINP	ECOLE DE L'AIR Base	933	20,0%	23,8%	318	13,8%	39,3%	76	9,2%	65,8%	5	0,0%	60,0%	36	30		5
2022	MP	Banque Ã©preuves CCINP	ECOLE DE L'AIR MÃ©ca	898	19,4%	24,2%	304	13,2%	40,8%	72	9,7%	68,1%	7	14,3%	85,7%	42	36		7
2022	MP	Banque Ã©preuves CCINP	ECOLE DE L'AIR Pilote	976	19,4%	23,6%	317	13,2%	40,4%	66	10,6%	66,7%	15	13,3%	73,3%	11	11		15
2022	MP	Banque Ã©preuves CCINP	ENAC Toulouse - ContrÃ´leurs aÃ©riens	951	24,2%	23,9%	231	27,7%	29,0%	125	30,4%	25,6%	34	26,5%	35,3%	43	43		34
2022	MP	Banque Ã©preuves CCINP	ENSAI Rennes Civil	1954	26,6%	22,2%	1238	24,2%	24,9%	879	25,3%	28,3%	55	20,0%	47,3%	366	380		51
2022	MP	Banque Ã©preuves CCINP	ENSAI Rennes Fonctionnaire (AttachÃ© INSEE)	1202	25,0%	24,9%	882	23,5%	27,3%	637	24,6%	30,3%	24	25,0%	29,2%	451	415		24
2022	MP	Banque Ã©preuves CCINP	ENSISA Mulhouse Automatique et SystÃ¨mes EmbarquÃ©s										10	10,0%	10,0%	107	92		3
2022	MP	Banque Ã©preuves CCINP	ENSISA Mulhouse Informatique et rÃ©seaux										7	0,0%	0,0%	42	41		5
2022	MP	Banque Ã©preuves CCINP	ENSISA Mulhouse MÃ©canique										3	0,0%	33,3%	69	70		5
2022	MP	Banque Ã©preuves CCINP	ENSISA Mulhouse Textile et Fibres										0	0,0%	0,0%	0	0		2
2022	MP	Banque Ã©preuves CCINP	Concours ENSISA MP	1314	30,6%	18,1%	899	26,7%	16,0%	162	31,5%	14,8%	20						15
2022	MP	Banque Ã©preuves CCINP	EOST Strasbourg	562	36,8%	20,3%	368	35,6%	18,8%	51	52,9%	23,5%	11	54,5%	27,3%	36	36		11
2022	MP	Banque Ã©preuves CCINP	ESM Saint-Cyr	868	16,7%	22,9%	160	10,0%	40,6%	79	6,3%	48,1%	28	0,0%	25,0%	43	43		29
2022	MP	Banque Ã©preuves CCINP	Lorraine INP - ENSTIB	483	33,5%	21,5%	331	31,1%	19,0%	27	48,1%	22,2%	6	50,0%	33,3%	11	10		6
2022	MP	CONCOURS POLYTECH Inter-FiliÃ¨re	ENSIBS										6	16,7%	16,7%	5301*	4828*	8*	24*
2022	MP	CONCOURS POLYTECH Inter-FiliÃ¨re	ENSIM Le Mans										5	0,0%	40,0%	4926*	4766*	12*	15*
2022	MP	CONCOURS POLYTECH Inter-FiliÃ¨re	ENSTBB Bordeaux										0	0,0%	0,0%	539*	539*	2*	2*
2022	MP	CONCOURS POLYTECH Inter-FiliÃ¨re	EPISEN - GÃ©nie BiomÃ©dical et santÃ© (ISBS)										2	50,0%	50,0%	5340*	5192*	8*	10*
2022	MP	CONCOURS POLYTECH Inter-FiliÃ¨re	EPISEN - SystÃ¨me d'information										2	50,0%	0,0%	5715*	5279*	3*	4*
2022	MP	CONCOURS POLYTECH Inter-FiliÃ¨re	EPISEN - Technologie pour la santÃ©										5	80,0%	0,0%	5716*	5695*	5*	6*
2022	MP	CONCOURS POLYTECH Inter-FiliÃ¨re	ESBS Strasbourg										0	0,0%	0,0%	2226*	1895*	3*	3*
2022	MP	CONCOURS POLYTECH Inter-FiliÃ¨re	ESGT le Mans										4	25,0%	0,0%	4912*	4582*	7*	15*
2022	MP	CONCOURS POLYTECH Inter-FiliÃ¨re	ESI Reims - Energetique										2	0,0%	0,0%	5713*	5643*	6*	6*
2022	MP	CONCOURS POLYTECH Inter-FiliÃ¨re	ESI Reims - GÃ©nie Urbain et Environnement										2	50,0%	0,0%	4350*	4044*	4*	5*
2022	MP	CONCOURS POLYTECH Inter-FiliÃ¨re	ESI Reims - Packaging										3	33,3%	0,0%	5439*	5150*	5*	6*
2022	MP	CONCOURS POLYTECH Inter-FiliÃ¨re	ESIAB - Microbiologie et QualitÃ© / Agroalimentaire										0	0,0%	0,0%	5111*	5236*	5*	5*
2022	MP	CONCOURS POLYTECH Inter-FiliÃ¨re	ESIR Rennes - MatÃ©riaux										0	0,0%	0,0%	4073*	3972*	6*	6*
2022	MP	CONCOURS POLYTECH Inter-FiliÃ¨re	ESIR Rennes - Informatique										12	16,7%	33,3%	4425*	4248*	14*	14*
2022	MP	CONCOURS POLYTECH Inter-FiliÃ¨re	ESIR Rennes - Technologies de l'information pour la santÃ©										1	100,0%	0,0%	4567*	4165*	3*	4*
2022	MP	CONCOURS POLYTECH Inter-FiliÃ¨re	ESIREM Dijon Informatique/Ã©lectronique										9	22,2%	0,0%	4785*	4473*	10*	10*
2022	MP	CONCOURS POLYTECH Inter-FiliÃ¨re	ESIREM Dijon MatÃ©riaux										3	66,7%	0,0%	5766*	5434*	6*	6*
2022	MP	CONCOURS POLYTECH Inter-FiliÃ¨re	ESIREM Dijon Robotique										3	66,7%	0,0%	4882*	4174*	4*	4*
2022	MP	CONCOURS POLYTECH Inter-FiliÃ¨re	ESIROI Saint Denis de La RÃ©union										0	0,0%	0,0%	0*	0*	0*	3*
2022	MP	CONCOURS POLYTECH Inter-FiliÃ¨re	ESIX Caen MÃ©catronique et SystÃ¨mes EmbarquÃ©s										5	20,0%	0,0%	5453*	4648*	8*	8*
2022	MP	CONCOURS POLYTECH Inter-FiliÃ¨re	ESIX Cherbourg GSI										0	0,0%	0,0%	0*	0*	0*	8*
2022	MP	CONCOURS POLYTECH Inter-FiliÃ¨re	ISAT Nevers - dÃ©partement MIT (MÃ©canique et IngÃ©nierie des Transports)										3	33,3%	33,3%	3640*	3512*	8*	5*
2022	MP	CONCOURS POLYTECH Inter-FiliÃ¨re	ISAT Nevers - dÃ©partement EPEE (Energies et Moteurs)										4	0,0%	25,0%	4957*	4624*	12*	12*
2022	MP	CONCOURS POLYTECH Inter-FiliÃ¨re	ISAT Nevers - Infrastructures et RÃ©seaux de Transports										2	0,0%	0,0%	5460*	5597*	5*	4*
2022	MP	CONCOURS POLYTECH Inter-FiliÃ¨re	ISEL Le Havre										1	0,0%	0,0%	4925*	4981*	3*	12*
2022	MP	CONCOURS POLYTECH Inter-FiliÃ¨re	ISIFC BesanÃ§on - GÃ©nie BiomÃ©dical										4	50,0%	0,0%	3758*	3431*	11*	10*
2022	MP	CONCOURS POLYTECH Inter-FiliÃ¨re	ISTY VÃ©lizy										4	25,0%	25,0%	5510*	5183*	6*	5*
2022	MP	CONCOURS POLYTECH Inter-FiliÃ¨re	Polytech Angers BÃ¢timent : Exploitation, Maintenance et SÃ©curitÃ©										1	0,0%	0,0%	5121*	5054*	3*	2*
2022	MP	CONCOURS POLYTECH Inter-FiliÃ¨re	Polytech Angers QualitÃ© Innovation FiabilitÃ©										1	0,0%	0,0%	3733*	4042*	3*	2*
2022	MP	CONCOURS POLYTECH Inter-FiliÃ¨re	Polytech Angers SystÃ¨mes AutomatisÃ©s et GÃ©nie Informatique										1	0,0%	100,0%	3878*	3732*	4*	4*
2022	MP	CONCOURS POLYTECH Inter-FiliÃ¨re	Polytech Annecy-ChambÃ©ry - BÃ¢timent Eco-construction Energie										2	50,0%	0,0%	4990*	4890*	8*	8*
2022	MP	CONCOURS POLYTECH Inter-FiliÃ¨re	Polytech Annecy-ChambÃ©ry - Ecologie industrielle et territoriale										2	50,0%	0,0%	5209*	4962*	5*	5*
2022	MP	CONCOURS POLYTECH Inter-FiliÃ¨re	Polytech Annecy-ChambÃ©ry - Informatique donnÃ©es Usages										4	0,0%	25,0%	4430*	4300*	5*	5*
2022	MP	CONCOURS POLYTECH Inter-FiliÃ¨re	Polytech Annecy-ChambÃ©ry - MÃ©canique MÃ©catronique MatÃ©riaux composites										5	20,0%	20,0%	4951*	4420*	10*	8*
2022	MP	CONCOURS POLYTECH Inter-FiliÃ¨re	Polytech Annecy-ChambÃ©ry - SystÃ¨mes NumÃ©riques â Instrumentation										3	0,0%	0,0%	5374*	5324*	3*	5*
2022	MP	CONCOURS POLYTECH Inter-FiliÃ¨re	Polytech Clermont-Ferrand - GÃ©nie Biologique										0	0,0%	0,0%	3471*	3501*	6*	5*
2022	MP	CONCOURS POLYTECH Inter-FiliÃ¨re	Polytech Clermont-Ferrand - GÃ©nie Civil										7	14,3%	14,3%	3932*	3882*	16*	16*
2022	MP	CONCOURS POLYTECH Inter-FiliÃ¨re	Polytech Clermont-Ferrand - GÃ©nie Electrique										4	25,0%	0,0%	5861*	5481*	4*	6*
2022	MP	CONCOURS POLYTECH Inter-FiliÃ¨re	Polytech Clermont-Ferrand - GÃ©nie MathÃ©matique et ModÃ©lisation										13	53,8%	30,8%	4889*	4821*	15*	14*
2022	MP	CONCOURS POLYTECH Inter-FiliÃ¨re	Polytech Clermont-Ferrand - GÃ©nie Physique										5	20,0%	0,0%	5179*	4678*	13*	9*
2022	MP	CONCOURS POLYTECH Inter-FiliÃ¨re	Polytech Grenoble - GÃ©otechnique et gÃ©nie civil										3	0,0%	33,3%	2721*	2427*	8*	6*
2022	MP	CONCOURS POLYTECH Inter-FiliÃ¨re	Polytech Grenoble - MatÃ©riaux										5	60,0%	40,0%	4073*	4066*	9*	6*
2022	MP	CONCOURS POLYTECH Inter-FiliÃ¨re	Polytech Grenoble - PrÃ©vention des risques										1	0,0%	0,0%	4366*	4199*	6*	6*
2022	MP	CONCOURS POLYTECH Inter-FiliÃ¨re	Polytech Grenoble - Informatique										7	0,0%	0,0%	2167*	2280*	8*	8*
2022	MP	CONCOURS POLYTECH Inter-FiliÃ¨re	Polytech Grenoble - Informatique et Ã©lectronique des systÃ¨mes embarquÃ©s										3	33,3%	0,0%	3715*	3469*	6*	5*
2022	MP	CONCOURS POLYTECH Inter-FiliÃ¨re	Polytech Grenoble - Technologies de l'information pour la santÃ©										2	0,0%	50,0%	5013*	4703*	5*	5*
2022	MP	CONCOURS POLYTECH Inter-FiliÃ¨re	Polytech Lille - GÃ©nie biologique et alimentaire										1	100,0%	0,0%	3473*	3313*	6*	4*
2022	MP	CONCOURS POLYTECH Inter-FiliÃ¨re	Polytech Lille - GÃ©nie civil										5	20,0%	20,0%	3853*	3623*	13*	12*
2022	MP	CONCOURS POLYTECH Inter-FiliÃ¨re	Polytech Lille - Informatique et statistique										11	9,1%	18,2%	3711*	3252*	14*	10*
2022	MP	CONCOURS POLYTECH Inter-FiliÃ¨re	Polytech Lille - Instrumentation et ingÃ©nierie d'affaires										5	20,0%	40,0%	5077*	4977*	9*	6*
2022	MP	CONCOURS POLYTECH Inter-FiliÃ¨re	Polytech Lille - MatÃ©riaux										2	50,0%	0,0%	4191*	3955*	10*	9*
2022	MP	CONCOURS POLYTECH Inter-FiliÃ¨re	Polytech Lille - MÃ©canique										7	28,6%	42,9%	3494*	3312*	12*	12*
2022	MP	CONCOURS POLYTECH Inter-FiliÃ¨re	Polytech Lille - SystÃ¨mes embarquÃ©s										6	16,7%	50,0%	4473*	3983*	8*	8*
2022	MP	CONCOURS POLYTECH Inter-FiliÃ¨re	Polytech Lyon - GÃ©nie BiomÃ©dical										4	75,0%	25,0%	3281*	2935*	4*	4*
2022	MP	CONCOURS POLYTECH Inter-FiliÃ¨re	Polytech Lyon - Informatique										2	0,0%	50,0%	3444*	3411*	4*	4*
2022	MP	CONCOURS POLYTECH Inter-FiliÃ¨re	Polytech Lyon - MatÃ©riaux										4	25,0%	0,0%	4546*	4367*	6*	4*
2022	MP	CONCOURS POLYTECH Inter-FiliÃ¨re	Polytech Lyon - MathÃ©matiques AppliquÃ©es et ModÃ©lisation										4	0,0%	25,0%	2595*	2367*	6*	4*
2022	MP	CONCOURS POLYTECH Inter-FiliÃ¨re	Polytech Lyon - MÃ©canique										3	33,3%	33,3%	3740*	3684*	4*	4*
2022	MP	CONCOURS POLYTECH Inter-FiliÃ¨re	Polytech Lyon - SystÃ¨mes industriels, Robotique										3	33,3%	0,0%	4701*	4697*	6*	4*
2022	MP	CONCOURS POLYTECH Inter-FiliÃ¨re	Polytech Marseille - GÃ©nie BiomÃ©dical										5	80,0%	20,0%	4513*	4211*	11*	11*
2022	MP	CONCOURS POLYTECH Inter-FiliÃ¨re	Polytech Marseille - GÃ©nie Civil										5	0,0%	20,0%	5543*	5074*	12*	12*
2022	MP	CONCOURS POLYTECH Inter-FiliÃ¨re	Polytech Marseille - GÃ©nie Industriel et Informatique										10	40,0%	20,0%	4791*	4837*	12*	12*
2022	MP	CONCOURS POLYTECH Inter-FiliÃ¨re	Polytech Marseille - Informatique										8	12,5%	25,0%	3766*	3548*	9*	8*
2022	MP	CONCOURS POLYTECH Inter-FiliÃ¨re	Polytech Marseille - MatÃ©riaux										2	50,0%	50,0%	5754*	5579*	8*	12*
2022	MP	CONCOURS POLYTECH Inter-FiliÃ¨re	Polytech Marseille - MÃ©canique, EnergÃ©tique										2	50,0%	50,0%	5301*	5219*	17*	18*
2022	MP	CONCOURS POLYTECH Inter-FiliÃ¨re	Polytech Marseille - MicroÃ©lectronique,TÃ©lÃ©communications										5	60,0%	0,0%	5733*	5618*	10*	10*
2022	MP	CONCOURS POLYTECH Inter-FiliÃ¨re	Polytech Montpellier - Informatique et Gestion										4	0,0%	25,0%	3090*	2613*	4*	3*
2022	MP	CONCOURS POLYTECH Inter-FiliÃ¨re	Polytech Montpellier - MatÃ©riaux										1	100,0%	100,0%	3834*	3634*	8*	7*
2022	MP	CONCOURS POLYTECH Inter-FiliÃ¨re	Polytech Montpellier - MÃ©canique et Interactions										0	0,0%	0,0%	3224*	3224*	2*	2*
2022	MP	CONCOURS POLYTECH Inter-FiliÃ¨re	Polytech Montpellier - MicroÃ©lectronique et Automatique										1	100,0%	0,0%	4880*	4446*	6*	5*
2022	MP	CONCOURS POLYTECH Inter-FiliÃ¨re	Polytech Montpellier - Sciences et technologies de l'eau										2	50,0%	50,0%	4096*	3997*	7*	7*
2022	MP	CONCOURS POLYTECH Inter-FiliÃ¨re	Polytech Montpellier GÃ©nie biologique et agroalimentaire										0	0,0%	0,0%	3929*	3917*	4*	5*
2022	MP	CONCOURS POLYTECH Inter-FiliÃ¨re	Polytech Nancy - Energie, MÃ©canique, MatÃ©riaux, Environnement										10	20,0%	50,0%	4881*	4434*	20*	18*
2022	MP	CONCOURS POLYTECH Inter-FiliÃ¨re	Polytech Nancy - Management opÃ©rationnel, Maintenance, MaÃ®trise des risques										1	100,0%	100,0%	5626*	5605*	4*	6*
2022	MP	CONCOURS POLYTECH Inter-FiliÃ¨re	Polytech Nancy Informatique, Automatique, Robotique, RÃ©seaux										7	14,3%	28,6%	2904*	3121*	9*	8*
2022	MP	CONCOURS POLYTECH Inter-FiliÃ¨re	Polytech Nantes - Ãlectronique et technologies numÃ©riques										8	12,5%	50,0%	5754*	5517*	16*	14*
2022	MP	CONCOURS POLYTECH Inter-FiliÃ¨re	Polytech Nantes - Ãnergie Ã©lectrique										3	0,0%	0,0%	5883*	5095*	7*	8*
2022	MP	CONCOURS POLYTECH Inter-FiliÃ¨re	Polytech Nantes - GÃ©nie civil										6	50,0%	16,7%	5108*	4999*	11*	11*
2022	MP	CONCOURS POLYTECH Inter-FiliÃ¨re	Polytech Nantes - GÃ©nie des ProcÃ©dÃ©s et BioprocÃ©dÃ©s										0	0,0%	0,0%	3676*	3220*	5*	5*
2022	MP	CONCOURS POLYTECH Inter-FiliÃ¨re	Polytech Nantes - Informatique										8	25,0%	12,5%	3648*	3428*	11*	9*
2022	MP	CONCOURS POLYTECH Inter-FiliÃ¨re	Polytech Nantes - MatÃ©riaux										3	33,3%	33,3%	5473*	4895*	11*	14*
2022	MP	CONCOURS POLYTECH Inter-FiliÃ¨re	Polytech Nantes - Thermique, ÃnergÃ©tique										0	0,0%	0,0%	3851*	3711*	8*	8*
2022	MP	CONCOURS POLYTECH Inter-FiliÃ¨re	Polytech Nice-Sophia - BÃ¢timents										6	33,3%	33,3%	4931*	4683*	12*	12*
2022	MP	CONCOURS POLYTECH Inter-FiliÃ¨re	Polytech Nice-Sophia - Ãlectronique										10	10,0%	40,0%	5176*	4997*	12*	12*
2022	MP	CONCOURS POLYTECH Inter-FiliÃ¨re	Polytech Nice-Sophia - GÃ©nie biologique										1	100,0%	0,0%	2097*	2097*	2*	2*
2022	MP	CONCOURS POLYTECH Inter-FiliÃ¨re	Polytech Nice-Sophia - GÃ©nie de l'eau										2	0,0%	0,0%	4467*	4239*	9*	10*
2022	MP	CONCOURS POLYTECH Inter-FiliÃ¨re	Polytech Nice-Sophia - Informatique										9	0,0%	11,1%	3517*	3288*	10*	12*
2022	MP	CONCOURS POLYTECH Inter-FiliÃ¨re	Polytech Nice-Sophia - MathÃ©matiques appliquÃ©es, ModÃ©lisation										10	20,0%	30,0%	3911*	3689*	15*	14*
2022	MP	CONCOURS POLYTECH Inter-FiliÃ¨re	Polytech Nice-Sophia - SystÃ¨mes autonomes										3	33,3%	0,0%	3902*	3704*	9*	10*
2022	MP	CONCOURS POLYTECH Inter-FiliÃ¨re	Polytech OrlÃ©ans - GÃ©nie civil et gÃ©o-environnement										7	14,3%	14,3%	5848*	5191*	9*	14*
2022	MP	CONCOURS POLYTECH Inter-FiliÃ¨re	Polytech OrlÃ©ans - GÃ©nie industriel										1	100,0%	100,0%	4271*	4428*	8*	6*
2022	MP	CONCOURS POLYTECH Inter-FiliÃ¨re	Polytech OrlÃ©ans - GÃ©nie physique et systÃ¨mes embarquÃ©s										3	0,0%	33,3%	5463*	5228*	7*	9*
2022	MP	CONCOURS POLYTECH Inter-FiliÃ¨re	Polytech OrlÃ©ans - Innovation en Conception et MatÃ©riaux										0	0,0%	0,0%	5795*	5795*	2*	8*
2022	MP	CONCOURS POLYTECH Inter-FiliÃ¨re	Polytech OrlÃ©ans - Technologies pour l'Ãnergie, l'AÃ©rospatial et la Motorisation										5	0,0%	20,0%	4261*	3920*	14*	14*
2022	MP	CONCOURS POLYTECH Inter-FiliÃ¨re	Polytech Paris-Saclay - Electronique et SystÃ¨mes RobotisÃ©s										4	25,0%	25,0%	3973*	4141*	9*	6*
2022	MP	CONCOURS POLYTECH Inter-FiliÃ¨re	Polytech Paris-Saclay - Informatique et ingÃ©nierie mathÃ©matique										1	0,0%	100,0%	1860*	1860*	2*	2*
2022	MP	CONCOURS POLYTECH Inter-FiliÃ¨re	Polytech Paris-Saclay - Photonique et systÃ¨mes optroniques										3	33,3%	33,3%	5301*	5071*	8*	5*
2022	MP	CONCOURS POLYTECH Inter-FiliÃ¨re	Polytech Paris-Saclay - MatÃ©riaux										3	0,0%	66,7%	4989*	4967*	6*	4*
2022	MP	CONCOURS POLYTECH Inter-FiliÃ¨re	Polytech Sorbonne - Electronique et Informatique										3	0,0%	0,0%	2576*	2799*	4*	4*
2022	MP	CONCOURS POLYTECH Inter-FiliÃ¨re	Polytech Sorbonne - MatÃ©riaux										3	0,0%	33,3%	3352*	3317*	7*	6*
2022	MP	CONCOURS POLYTECH Inter-FiliÃ¨re	Polytech Sorbonne - MathÃ©matiques AppliquÃ©es et Informatique										3	0,0%	0,0%	1474*	1472*	4*	4*
2022	MP	CONCOURS POLYTECH Inter-FiliÃ¨re	Polytech Sorbonne - Robotique										2	0,0%	0,0%	3385*	3381*	4*	4*
2022	MP	CONCOURS POLYTECH Inter-FiliÃ¨re	Polytech Sorbonne - Sciences de la Terre										5	40,0%	0,0%	5686*	5535*	9*	12*
2022	MP	CONCOURS POLYTECH Inter-FiliÃ¨re	Polytech Tours - Ãlectronique, Ãnergie Ã©lectrique										3	0,0%	0,0%	5496*	5355*	5*	3*
2022	MP	CONCOURS POLYTECH Inter-FiliÃ¨re	Polytech Tours - GÃ©nie de l'amÃ©nagement et de l'environnement										3	100,0%	0,0%	5871*	5343*	7*	8*
2022	MP	CONCOURS POLYTECH Inter-FiliÃ¨re	Polytech Tours - Informatique										8	12,5%	37,5%	4408*	4293*	13*	8*
2022	MP	CONCOURS POLYTECH Inter-FiliÃ¨re	Polytech Tours - MÃ©canique, Conception de systÃ¨mes										3	33,3%	0,0%	5664*	5603*	12*	9*
2022	MP	CONCOURS POLYTECH Inter-FiliÃ¨re	Sup GalilÃ©e Villetaneuse										12	16,7%	33,3%	5294	5059	21*	20*
2022	MP	CONCOURS POLYTECH Inter-FiliÃ¨re	Concours POLYTECH MP - PC - PSI	3837	28,3%	20,4%	2753	27,5%	19,7%	2320	26,9%	20,3%	412					835	853
2022	MP	Puissance Alpha	EFREI Paris	1265	28,2%	17,0%	1124	28,0%	15,9%	230	27,0%	16,1%	19	15,8%	5,3%	411	368	42*	80*
2022	MP	Puissance Alpha	ELISA Aerospace Bordeaux										4	25,0%	0,0%	695*	670*	9*	12*
2022	MP	Puissance Alpha	ELISA Aerospace Hauts de France										2	0,0%	0,0%	710	710	2*	12*
2022	MP	Puissance Alpha	Concours ELISA AEROSPACE	1265	28,2%	17,0%	693	28,1%	17,6%	307	30,6%	21,2%	6					11	24
2022	MP	Puissance Alpha	ESAIP Angers / Aix-en-Provence	1265	28,2%	17,0%	1112	28,1%	16,1%	501	30,5%	19,2%	3	0,0%	33,3%	1195	1138	11*	25*
2022	MP	Puissance Alpha	ESEO Angers - Paris - Dijon	1265	28,2%	17,0%	1036	28,7%	16,5%	99	36,4%	14,1%	3	66,7%	0,0%	85	99	10*	15*
2022	MP	Puissance Alpha	ESIEA Paris - Laval	1265	28,2%	17,0%	1107	28,2%	16,2%	198	26,3%	19,7%	7	14,3%	28,6%	376	405	15*	40*
2022	MP	Puissance Alpha	ESIEE Paris	1265	28,2%	17,0%	1032	28,6%	16,4%	171	29,8%	15,2%	32	21,9%	9,4%	269	247	74*	110*
2022	MP	Puissance Alpha	ESTIA Bidart	1265	28,2%	17,0%	1036	28,7%	16,5%	107	38,3%	16,8%	17	41,2%	11,8%	169	167	49*	49*
2022	MP	Puissance Alpha	ISEN MÃ©diterrannÃ©e	1265	28,2%	17,0%	1153	28,1%	16,2%	124	29,0%	16,1%	5	40,0%	40,0%	304	291	10*	21*
2022	MP	Puissance Alpha	ISEN YncrÃ©a Ouest - Brest										3	0,0%	0,0%	266*	272*	6*	5*
2022	MP	Puissance Alpha	ISEN YncrÃ©a Ouest - Caen										1	0,0%	0,0%	302*	322*	3*	5*
2022	MP	Puissance Alpha	ISEN YncrÃ©a Ouest - Nantes										3	0,0%	66,7%	337	339	4*	8*
2022	MP	Puissance Alpha	Concours ISEN Ouest	1265	28,2%	17,0%	1150	28,0%	16,2%	123	28,5%	16,3%	7					13	18
2022	MP	Puissance Alpha	ISEP Paris	1265	28,2%	17,0%	1062	28,3%	16,5%	264	31,4%	18,2%	6	16,7%	0,0%	507	497	16*	45*
2022	MP	Puissance Alpha	JUNIA HEI	1265	28,2%	17,0%	1108	28,2%	16,2%	115	33,9%	12,2%	18	38,9%	16,7%	212	203	56*	70*
2022	MP	Puissance Alpha	JUNIA ISEN	1265	28,2%	17,0%	1108	28,2%	16,2%	83	28,9%	13,3%	6	16,7%	16,7%	87	87	12*	17*
2022	MP	Puissance Alpha	3IL IngÃ©nieurs	1265	28,2%	17,0%	1037	28,6%	16,5%	323	29,7%	21,7%	2	50,0%	0,0%	604	604	2*	7*
2022	MP	Avenir PrÃ©pas	ECE LYON										7	14,3%	42,9%	298	306		19
2022	MP	Avenir PrÃ©pas	ECE PARIS (statut apprentissage)										8	25,0%	0,0%	284	281		8
2022	MP	Avenir PrÃ©pas	ECE PARIS										43	25,6%	9,3%	265	245		55
2022	MP	Avenir PrÃ©pas	Concours ECE Paris - Lyon MP	1385	27,6%	19,0%	1247	27,4%	18,3%	379	29,3%	17,4%	58						82
2022	MP	Avenir PrÃ©pas	EIGSI Casablanca	1385	27,6%	19,0%	1209	27,6%	18,5%	430	30,7%	23,0%	1	100,0%	0,0%	421	421		1
2022	MP	Avenir PrÃ©pas	EIGSI La Rochelle	1385	27,6%	19,0%	1209	27,6%	18,5%	430	30,7%	23,0%	16	31,2%	12,5%	392	381		15
2022	MP	Avenir PrÃ©pas	ESIGELEC Rouen	1385	27,6%	19,0%	1235	27,3%	18,4%	317	30,3%	19,9%	21	28,6%	14,3%	250	247		35
2022	MP	Avenir PrÃ©pas	ESILV Paris-La DÃ©fense	1385	27,6%	19,0%	1200	27,6%	18,5%	428	29,0%	21,0%	62	24,2%	21,0%	186	182		60
2022	MP	Avenir PrÃ©pas	ESITC Caen	1385	27,6%	19,0%	1029	28,5%	18,7%	31	38,7%	25,8%	6	33,3%	66,7%	21	19		6
2022	MP	Avenir PrÃ©pas	ESTACA Laval AÃ©ronautique et spatial										21	19,0%	38,1%	376	357		12
2022	MP	Avenir PrÃ©pas	ESTACA Laval Automobile										4	0,0%	25,0%	309	273		4
2022	MP	Avenir PrÃ©pas	ESTACA Paris-Saclay AÃ©ronautique et spatial										1	0,0%	0,0%	20	20		2
2022	MP	Avenir PrÃ©pas	ESTACA Paris-Saclay Automobile ou Transports GuidÃ©s										2	0,0%	0,0%	214	214		2
2022	MP	Avenir PrÃ©pas	Concours ESTACA Paris-Saclay/Laval MP	1385	27,6%	19,0%	1209	27,6%	18,5%	671	28,0%	21,8%	28						20
2022	MP	Concours IngeniâUp (FESIC PrÃ©pa)	Icam site de Lille										0	0,0%	0,0%	0	0		1
2022	MP	Concours IngeniâUp (FESIC PrÃ©pa)	Icam site de Grand Paris Sud										0	0,0%	0,0%	0	0		4
2022	MP	Concours IngeniâUp (FESIC PrÃ©pa)	Icam site de Nantes										0	0,0%	0,0%	0	0		2
2022	MP	Concours IngeniâUp (FESIC PrÃ©pa)	Icam site de Toulouse										0	0,0%	0,0%	0	0		2
2022	MP	Concours IngeniâUp (FESIC PrÃ©pa)	Concours ICAM MP	697	30,0%	17,8%	287	31,0%	18,5%	9	22,2%	22,2%	0						9
2022	MP	Concours IngeniâUp (FESIC PrÃ©pa)	ECAM LaSalle	697	30,0%	17,8%	400	31,5%	17,5%	157	30,6%	21,0%	6	33,3%	16,7%	141	123		20
2022	MP	Concours IngeniâUp (FESIC PrÃ©pa)	ECAM Rennes	697	30,0%	17,8%	613	29,7%	16,6%	197	31,0%	19,8%	4	25,0%	0,0%	172	174		12
2022	MP	Concours IngeniâUp (FESIC PrÃ©pa)	ECAM Strasbourg Europe	697	30,0%	17,8%	624	29,8%	16,8%	64	35,9%	20,3%	7	28,6%	14,3%	42	39		15
2022	MP	Concours IngeniâUp (FESIC PrÃ©pa)	ECAM-EPMI Cergy-Pontoise	697	30,0%	17,8%	637	30,1%	16,6%	135	34,8%	23,7%	16	50,0%	12,5%	116	114		20
2022	MP	Concours IngeniâUp (FESIC PrÃ©pa)	UniLaSalle Amiens (ESIEE Amiens)	697	30,0%	17,8%	637	30,1%	16,6%	254	32,7%	18,5%	2	0,0%	0,0%	248	248		12
2022	MP	Concours IngeniâUp (FESIC PrÃ©pa)	UniLaSalle Beauvais - GÃ©osciences et Environnement	697	30,0%	17,8%	647	29,8%	16,8%	45	24,4%	24,4%	1	0,0%	0,0%	42	42		4
2022	MP	Autres Ã©coles E3A	EIDD Paris	681	35,2%	20,6%	482	36,5%	19,3%	347	40,6%	20,5%	17	29,4%	23,5%	269	256		15
2022	MP	Autres Ã©coles E3A	EIL CÃ´te d'Opale - Calais (informatique)										6	66,7%	16,7%	163	159		18
2022	MP	Autres Ã©coles E3A	EIL CÃ´te d'Opale - Dunkerque (GÃ©nie EnergÃ©tique et Environnement)										1	100,0%	0,0%	141	141		8
2022	MP	Autres Ã©coles E3A	EIL CÃ´te d'Opale - Longuenesse (GÃ©nie Industriel)										4	75,0%	50,0%	152	151		15
2022	MP	Autres Ã©coles E3A	Concours EIL CÃ´te d'Opale Longuenesse - Calais - Dunkerque MP	556	36,9%	22,7%	358	39,4%	20,7%	172	46,5%	23,8%	11						41
2022	MP	Autres Ã©coles E3A	ENSAIT Roubaix	597	32,3%	23,3%	449	32,3%	23,4%	90	33,3%	34,4%	10	50,0%	40,0%	62	61		8
2022	MP	Autres Ã©coles E3A	ESB Nantes	272	34,2%	20,6%	157	37,6%	19,7%	60	36,7%	21,7%	3	33,3%	0,0%	58	57		8
2022	MP	Autres Ã©coles E3A	IMT Nord Europe en partenariat avec Polyvia Formation	469	34,8%	18,6%	383	35,8%	18,8%	37	40,5%	18,9%	15	33,3%	20,0%	16	18		15
2022	MP	Autres Ã©coles E3A	ISMANS-Groupe CESI Le Mans	304	30,9%	19,1%	276	30,4%	18,1%	33	15,2%	27,3%	5	0,0%	40,0%	27	24		10
2022	MP	Autres Ã©coles E3A	Paoli Tech	512	28,7%	22,7%	294	27,9%	23,8%	272	27,6%	24,6%	0	0,0%	0,0%	0	0		5
2022	MP	Autres Ã©coles E3A	Toulouse INP - ENIT	835	33,7%	21,3%	258	35,7%	17,1%	170	33,5%	15,9%	1	0,0%	0,0%	93	93		2
2022	MP	Groupe INSA	INSA Centre Val de Loire GÃ©nie des SystÃ¨mes Industriels										4	25,0%	50,0%	667	682		6
2022	MP	Groupe INSA	INSA Hauts de France GÃ©nie Industriel										6	33,3%	0,0%	660	652		5
2022	MP	Groupe INSA	INSA Hauts de France MÃ©canique et EnergÃ©tique										11	45,5%	9,1%	738	667		20
2022	MP	Groupe INSA	INSA Hauts de France MÃ©catronique										3	33,3%	0,0%	563	589		5
2022	MP	Groupe INSA	INSA Lyon GÃ©nie Industriel										5	40,0%	0,0%	126	115		4
2022	MP	Groupe INSA	INSA Lyon GÃ©nie MÃ©canique										4	25,0%	25,0%	75	84		4
2022	MP	Groupe INSA	INSA Rennes GÃ©nie MÃ©canique et Automatique										1	0,0%	0,0%	218	218		1
2022	MP	Groupe INSA	INSA Rouen Normandie MÃ©canique										3	66,7%	33,3%	301	293		3
2022	MP	Groupe INSA	INSA Strasbourg GÃ©nie MÃ©canique										1	0,0%	0,0%	337	337		1
2022	MP	Groupe INSA	INSA Strasbourg Plasturgie										1	0,0%	0,0%	801	801		4
2022	MP	Groupe INSA	Concours INSA Domaine GÃ©nie mÃ©canique, gÃ©nie industriel et mÃ©catronique MP	1581	30,4%	21,6%	834	31,7%	20,0%	834	31,7%	20,0%	39						53
2022	MP	Groupe INSA	INSA Centre Val de Loire SÃ©curitÃ© et Technologies Informatiques										5	0,0%	20,0%	465	466		5
2022	MP	Groupe INSA	INSA Hauts de France Informatique et CybersÃ©curitÃ©										1	100,0%	0,0%	236	236		9
2022	MP	Groupe INSA	INSA Lyon Informatique										3	66,7%	0,0%	65	73		4
2022	MP	Groupe INSA	INSA Lyon TÃ©lÃ©communications, services et usages										3	0,0%	0,0%	148	154		3
2022	MP	Groupe INSA	INSA Rennes Informatique										1	100,0%	0,0%	274	274		1
2022	MP	Groupe INSA	INSA Rennes MathÃ©matiques appliquÃ©es										1	0,0%	0,0%	280	280		1
2022	MP	Groupe INSA	INSA Rouen Normandie Informatique et technologies de l'information										2	0,0%	0,0%	298	298		3
2022	MP	Groupe INSA	INSA Rouen Normandie MathÃ©matiques appliquÃ©es										11	27,3%	0,0%	521	493		10
2022	MP	Groupe INSA	INSA Toulouse Informatique et RÃ©seaux										2	50,0%	50,0%	164	164		2
2022	MP	Groupe INSA	INSA Toulouse MathÃ©matiques appliquÃ©es										4	25,0%	50,0%	256	252		4
2022	MP	Groupe INSA	Concours INSA Domaine Informatique, mathÃ©matique, modÃ©lisation MP	1855	26,9%	21,8%	830	26,5%	20,1%	830	26,5%	20,1%	33						42
2022	MP	Groupe INSA Inter-FiliÃ¨re	INSA Hauts de France GÃ©nie civil et bÃ¢timent (MP-PC)										6*	16,7%	0,0%	826*	791*	6*	5*
2022	MP	Groupe INSA Inter-FiliÃ¨re	INSA Lyon GÃ©nie Civil et Urbanisme (MP-PC)										3*	33,3%	33,3%	139*	140*	3*	3*
2022	MP	Groupe INSA Inter-FiliÃ¨re	INSA Rennes GÃ©nie Civil et Urbain (MP-PC)										1*	0,0%	0,0%	448*	448*	1*	1*
2022	MP	Groupe INSA Inter-FiliÃ¨re	INSA Rouen Normandie GÃ©nie Civil et Urbain (MP-PC)										2*	50,0%	0,0%	507*	507*	2*	2*
2022	MP	Groupe INSA Inter-FiliÃ¨re	INSA Strasbourg GÃ©nie Civil (MP-PC)										4*	75,0%	0,0%	531*	460*	4*	3*
2022	MP	Groupe INSA Inter-FiliÃ¨re	INSA Strasbourg Topographie (MP-PC)										2*	50,0%	50,0%	1098*	1098*	2*	5*
2022	MP	Groupe INSA Inter-FiliÃ¨re	INSA Toulouse GÃ©nie Civil (MP-PC)										1*	0,0%	0,0%	36	36	1*	1*
2022	MP	Groupe INSA Inter-FiliÃ¨re	Concours INSA Domaine GÃ©nie civil, urbanisme, topographie MP-PC	2634*	35,7%	21,6%	1198*	37,4%	20,5%	1198*	37,4%	20,5%	19*					19*	20*
2022	MP	Groupe INSA Inter-FiliÃ¨re	INSA Hauts de France Electronique des SystÃ¨mes EmbarquÃ©s										5*	40,0%	20,0%	2345*	2157*	5*	9*
2022	MP	Groupe INSA Inter-FiliÃ¨re	INSA Hauts de France Informatique Industrielle et Automatique										6*	33,3%	0,0%	2334*	2212*	6*	9*
2022	MP	Groupe INSA Inter-FiliÃ¨re	INSA Hauts-de-France : Audiovisuel et MultimÃ©dia										1*	0,0%	0,0%	1281*	1281*	1*	10*
2022	MP	Groupe INSA Inter-FiliÃ¨re	INSA Lyon GÃ©nie Electrique										8*	25,0%	0,0%	343*	333*	8*	8*
2022	MP	Groupe INSA Inter-FiliÃ¨re	INSA Rennes Electronique et Informatique Industrielle										3*	0,0%	33,3%	1681*	1674*	3*	3*
2022	MP	Groupe INSA Inter-FiliÃ¨re	INSA Rennes Electronique et TÃ©lÃ©communications										5*	20,0%	0,0%	1478*	1545*	5*	6*
2022	MP	Groupe INSA Inter-FiliÃ¨re	INSA Strasbourg GÃ©nie Electrique										10*	40,0%	20,0%	1900*	1796*	10*	12*
2022	MP	Groupe INSA Inter-FiliÃ¨re	INSA Toulouse Automatique et Electronique										2*	0,0%	0,0%	903	903	2*	2*
2022	MP	Groupe INSA Inter-FiliÃ¨re	Concours INSA Domaine GÃ©nie Ã©lectrique, Ã©lectronique, automatique MP-PC-PSI-PT	5397*	27,0%	19,3%	2493*	27,2%	18,5%	2493*	27,2%	18,5%	40*					40*	59*
2022	MP	Groupe INSA Inter-FiliÃ¨re	INSA Centre Val de Loire MaÃ®trise des Risques Industriels										5*	40,0%	40,0%	2284*	2225*	5*	25*
2022	MP	Groupe INSA Inter-FiliÃ¨re	INSA Lyon Science et GÃ©nie des MatÃ©riaux										10*	60,0%	10,0%	521*	523*	10*	10*
2022	MP	Groupe INSA Inter-FiliÃ¨re	INSA Rennes GÃ©nie Physique et MatÃ©riaux										4*	25,0%	50,0%	676*	526*	4*	2*
2022	MP	Groupe INSA Inter-FiliÃ¨re	INSA Toulouse GÃ©nie Physique										4*	25,0%	25,0%	699	683	4*	5*
2022	MP	Groupe INSA Inter-FiliÃ¨re	Concours INSA Domaine GÃ©nie physique et matÃ©riaux MP-PC-PSI	4844*	33,6%	19,9%	2405*	35,0%	19,7%	2405*	35,0%	19,7%	23*					23*	42*
2022	MP	Groupe INSA Inter-FiliÃ¨re	ESITECH - Physique pour la SantÃ©										5*	100,0%	0,0%	1487*	1508*	5*	5*
2022	MP	Groupe INSA Inter-FiliÃ¨re	ESITech Rouen Technologies du Vivant										2*	0,0%	50,0%	691*	691*	2*	2*
2022	MP	Groupe INSA Inter-FiliÃ¨re	INSA Lyon Biosciences										10*	70,0%	0,0%	290*	368*	10*	11*
2022	MP	Groupe INSA Inter-FiliÃ¨re	INSA Toulouse GÃ©nie Biologique										2*	50,0%	0,0%	208*	208*	2*	2*
2022	MP	Groupe INSA Inter-FiliÃ¨re	ISIS Castres Informatique pour la SantÃ©										2*	50,0%	50,0%	1204	1204	2*	2*
2022	MP	Groupe INSA Inter-FiliÃ¨re	Concours INSA Domaine Biotechnologies-santÃ© MP-PC-PSI-BCPST-TPC	4627*	46,9%	20,7%	2016*	49,5%	19,5%	2016*	49,5%	19,5%	21*					21*	22*
2022	MP	Groupe INSA Inter-FiliÃ¨re	INSA Lyon GÃ©nie EnergÃ©tique et Environnement										6*	33,3%	16,7%	327*	290*	6*	5*
2022	MP	Groupe INSA Inter-FiliÃ¨re	INSA Rouen Normandie Chimie et GÃ©nie Chimique										8*	75,0%	25,0%	1120*	1022*	8*	4*
2022	MP	Groupe INSA Inter-FiliÃ¨re	INSA Rouen Normandie GÃ©nie des procÃ©dÃ©s et Gestion des Risques										4*	50,0%	0,0%	1134*	1128*	4*	6*
2022	MP	Groupe INSA Inter-FiliÃ¨re	INSA Rouen Normandie GÃ©nie EnergÃ©tique (Parcours Ã©nergÃ©tique et propulsion)										5*	40,0%	20,0%	717*	693*	5*	3*
2022	MP	Groupe INSA Inter-FiliÃ¨re	INSA Strasbourg GÃ©nie Climatique et EnergÃ©tique										8*	62,5%	25,0%	976*	945*	8*	8*
2022	MP	Groupe INSA Inter-FiliÃ¨re	INSA Toulouse GÃ©nie des ProcÃ©dÃ©s et environnement										5*	60,0%	40,0%	636*	611*	5*	5*
2022	MP	Groupe INSA Inter-FiliÃ¨re	Sup'EnR Perpignan EnergÃ©tique et Energies Renouvelables										0*	0,0%	0,0%	0	0	0*	1*
2022	MP	Groupe INSA Inter-FiliÃ¨re	Concours INSA Domaine EnergÃ©tique â GÃ©nie Chimique â Environnement MP-PC-PSI	4548*	37,5%	19,7%	1355*	37,8%	18,6%	1355*	37,8%	18,6%	36*					36*	32*
2022	MP	CESI	CESI Aix-en-Provence										3*	0,0%	0,0%	39*	43*	3*	10*
2022	MP	CESI	CESI Arras										0*	0,0%	0,0%	0*	0*	0*	5*
2022	MP	CESI	CESI Bordeaux										0*	0,0%	0,0%	0*	0*	0*	12*
2022	MP	CESI	CESI Caen										0*	0,0%	0,0%	0*	0*	0*	10*
2022	MP	CESI	CESI La Rochelle										0*	0,0%	0,0%	0*	0*	0*	12*
2022	MP	CESI	CESI Lille										0*	0,0%	0,0%	0*	0*	0*	10*
2022	MP	CESI	CESI Lyon										1*	0,0%	0,0%	17*	17*	1*	15*
2022	MP	CESI	CESI Montpellier										0*	0,0%	0,0%	0*	0*	0*	10*
2022	MP	CESI	CESI Nancy										1*	0,0%	0,0%	37*	37*	1*	10*
2022	MP	CESI	CESI Nice										0*	0,0%	0,0%	0*	0*	0*	10*
2022	MP	CESI	CESI OrlÃ©ans										0*	0,0%	0,0%	0*	0*	0*	10*
2022	MP	CESI	CESI Paris-Nanterre										2*	0,0%	100,0%	54*	54*	2*	15*
2022	MP	CESI	CESI Pau										0*	0,0%	0,0%	0*	0*	0*	6*
2022	MP	CESI	CESI Reims										0*	0,0%	0,0%	0*	0*	0*	6*
2022	MP	CESI	CESI Rouen										0*	0,0%	0,0%	0*	0*	0*	10*
2022	MP	CESI	CESI Saint-Nazaire										0*	0,0%	0,0%	0*	0*	0*	15*
2022	MP	CESI	CESI Strasbourg										0*	0,0%	0,0%	0*	0*	0*	15*
2022	MP	CESI	CESI Toulouse										1*	0,0%	0,0%	63	63	1*	10*
2022	MP	CESI	Concours CESI Ecole d'IngÃ©nieurs - IngÃ©nieur en Informatique	183*	7,7%	14,2%	73*	6,8%	6,8%	73*	6,8%	6,8%	8*					8*	191*
2022	MP	CESI	CESI Arras										1*	0,0%	0,0%	138*	138*	1*	10*
2022	MP	CESI	CESI Bordeaux										1*	0,0%	0,0%	94*	94*	1*	12*
2022	MP	CESI	CESI Lyon										0*	0,0%	0,0%	0*	0*	0*	20*
2022	MP	CESI	CESI Nancy										1*	0,0%	0,0%	112*	112*	1*	10*
2022	MP	CESI	CESI Paris-Nanterre										5*	0,0%	0,0%	115*	117*	5*	20*
2022	MP	CESI	CESI Nice										0*	0,0%	0,0%	0*	0*	0*	10*
2022	MP	CESI	CESI Rouen										0*	0,0%	0,0%	0*	0*	0*	10*
2022	MP	CESI	CESI Saint-Nazaire										0*	0,0%	0,0%	0	0	0*	15*
2022	MP	CESI	Concours CESI Ecole d'IngÃ©nieurs - IngÃ©nieur GÃ©nÃ©raliste	670*	24,0%	13,4%	182*	33,0%	10,4%	182*	33,0%	10,4%	8*					8*	107*
2022	MP	EPITA	EPITA campus Strasbourg										2	0,0%	0,0%	290	290		4
2022	MP	EPITA	EPITA campus Toulouse										9	22,2%	11,1%	154	182		6
2022	MP	EPITA	EPITA campus Lyon										23	4,3%	13,0%	187	200		8
2022	MP	EPITA	EPITA campus Paris										28	7,1%	14,3%	218	201		32
2022	MP	EPITA	EPITA campus Rennes										3	33,3%	0,0%	152	159		5
2022	MP	EPITA	IPSA Paris										14	50,0%	28,6%	178	174		12
2022	MP	EPITA	IPSA Toulouse										9	33,3%	11,1%	84	83		8
2022	MP	EPITA	ESME										6	16,7%	33,3%	222	232		12
2022	MP	EPITA	Concours EPITA / IPSA / ESME MP	707	22,9%	16,5%	500	22,2%	12,6%	362	21,5%	12,4%	94						87
